stream,ecoregion,slope,area,urb,ag,forest,water,wetland,other
brewery,driftless,52,10.5,6.36849272,69.87186202,21.44129046,0.342166824,0.370098809,1.606089173
kuenster,driftless,19.82336989,9.59,5.52791196,93.18635819,1.220353757,0,0,0.065376094
garfoot,driftless,57,5.39,4.061858316,43.0698152,49.79466119,0.05775154,0.34650924,2.669404517
joosvalley,driftless,86,5.89,4.597366274,47.46533038,45.96783592,0,0.168977975,1.800489453
eagle,driftless,71,14.3,3.915108053,45.93226088,48.85890106,0,0.070258746,1.223471267
bower,tillplains,11,14.8,5.217370173,86.92376856,5.42149644,0,1.020631333,1.416733494
rattlesnake,driftless,22,42.4,4.617946741,93.03657276,2.237189689,0,0,0.10829081
otter,tillplains,25,9.5,5.769300901,70.70493417,16.9979213,1.422267605,3.413442252,1.692133766
